area,diameter,width,height,shape_factor,circularity,cx,cy,time_step,real_time,velocity_y_raw,diameter_clean,shape_factor_clean,velocity_y_clean,circularity_clean,area_clean
132.0,12.964089628857149,28.0,8.0,0.2857142857142857,0.4462142091460765,449.0,4.0,0,0.0,0.0,12.964089628857149,0.2857142857142857,0.0,0.4462142091460765,132.0
132.0,12.964089628857149,28.0,8.0,0.2857142857142857,0.4462142091460765,449.0,4.0,1,0.001,0.0,12.964089628857149,0.2857142857142857,0.0,0.4462142091460765,132.0
132.0,12.964089628857149,28.0,8.0,0.2857142857142857,0.4462142091460765,449.0,4.0,2,0.002,0.0,12.964089628857149,0.2857142857142857,0.0,0.4462142091460765,132.0
132.0,12.964089628857149,28.0,8.0,0.2857142857142857,0.4462142091460765,449.0,4.0,3,0.003,0.0,12.964089628857149,0.2857142857142857,0.0,0.4462142091460765,132.0
132.0,12.964089628857149,28.0,8.0,0.2857142857142857,0.4462142091460765,449.0,4.0,4,0.004,0.0,12.964089628857149,0.2857142857142857,0.0,0.4462142091460765,132.0
132.0,12.964089628857149,28.0,8.0,0.2857142857142857,0.4462142091460765,449.0,4.0,5,0.005,0.0,12.964089628857149,0.2857142857142857,0.0,0.4462142091460765,132.0
134.0,13.061933202803933,28.0,8.0,0.2857142857142857,0.4529750304967746,449.0,4.0,6,0.006,0.0,13.061933202803933,0.2857142857142857,0.0,0.4529750304967746,134.0
135.0,13.110581167104948,28.0,8.0,0.2857142857142857,0.4563554411721237,449.0,4.0,7,0.007,500.0000000000002,13.110581167104948,0.2857142857142857,1.5158245029548803e-13,0.4563554411721237,135.0
139.0,13.303394180365686,28.0,9.0,0.32142857142857145,0.45736393895459315,449.0,5.0,8,0.008,499.9999999999998,13.303394180365686,0.32142857142857145,3.0316490059097606e-13,0.45736393895459315,139.0
144.0,13.540550005146152,28.0,9.0,0.32142857142857145,0.4738158792047584,449.0,5.0,9,0.009000000000000001,4.547473508864641e-13,13.540550005146152,0.32142857142857145,4.547473508864641e-13,0.4738158792047584,144.0
150.5,13.842779759955802,28.0,9.0,0.32142857142857145,0.4859472445803403,449.0,5.0,10,0.01,0.0,13.842779759955802,0.32142857142857145,0.0,0.4859472445803403,150.5
155.5,14.070847494245605,28.0,9.0,0.32142857142857145,0.5020916751483148,449.0,5.0,11,0.011,-4.547473508864641e-13,14.070847494245605,0.32142857142857145,-4.547473508864641e-13,0.5020916751483148,155.5
171.0,14.755472278097805,29.0,10.0,0.3448275862068966,0.4963265709629407,449.0,5.0,12,0.012,0.0,14.755472278097805,0.3448275862068966,0.0,0.4963265709629407,171.0
190.5,15.574085310927526,30.0,11.0,0.36666666666666664,0.517077244362012,449.0,5.0,13,0.013000000000000001,500.00000000000136,15.574085310927526,0.36666666666666664,500.00000000000136,0.517077244362012,190.5
216.0,16.583719174624104,31.0,12.0,0.3870967741935484,0.5316038491051518,449.0,6.0,14,0.014,500.00000000000045,16.583719174624104,0.3870967741935484,500.00000000000045,0.5316038491051518,216.0
250.5,17.859073490978144,33.0,13.0,0.3939393939393939,0.5327251383625052,449.0,6.0,15,0.015,499.99999999999864,17.859073490978144,0.3939393939393939,499.99999999999864,0.5327251383625052,250.5
291.5,19.265236237593868,35.0,14.0,0.4,0.5488079947661503,449.0,7.0,16,0.016,499.99999999999955,19.265236237593868,0.4,499.99999999999955,0.5488079947661503,291.5
347.5,21.03451311049222,39.0,16.0,0.41025641025641024,0.5232350332217686,449.0,7.0,17,0.017,499.99999999999955,21.03451311049222,0.41025641025641024,499.99999999999955,0.5232350332217686,347.5
419.0,23.09734550211416,43.0,17.0,0.3953488372093023,0.5307901286854062,449.0,8.0,18,0.018000000000000002,499.9999999999982,23.09734550211416,0.3953488372093023,499.9999999999982,0.5307901286854062,419.0
518.0,25.68147355921802,47.0,19.0,0.40425531914893614,0.5338186604783902,448.0,8.0,19,0.019,499.99999999999955,25.68147355921802,0.40425531914893614,499.99999999999955,0.5338186604783902,518.0
663.0,29.054394128245264,50.0,22.0,0.44,0.5777746143424889,448.0,9.0,20,0.02,1499.9999999999986,29.054394128245264,0.44,1499.9999999999986,0.5777746143424889,663.0
842.0,32.74244487919323,53.0,25.0,0.4716981132075472,0.6173978530454287,448.0,11.0,21,0.021,1499.9999999999982,32.74244487919323,0.4716981132075472,1499.9999999999982,0.6173978530454287,842.0
1038.5,36.36288309811897,56.0,27.0,0.48214285714285715,0.6518069576861958,447.0,12.0,22,0.022,1000.0000000000018,36.36288309811897,0.48214285714285715,1000.0000000000018,0.6518069576861958,1038.5
1252.0,39.926130666625134,59.0,30.0,0.5084745762711864,0.6626791009717218,448.0,13.0,23,0.023,1499.999999999999,39.926130666625134,0.5084745762711864,1499.999999999999,0.6626791009717218,1252.0
1466.0,43.203809699860365,62.0,32.0,0.5161290322580645,0.6745831576677974,448.0,15.0,24,0.024,1499.9999999999982,43.203809699860365,0.5161290322580645,1499.9999999999982,0.6745831576677974,1466.0
1710.0,46.66090035026251,66.0,35.0,0.5303030303030303,0.6775787525773286,448.0,16.0,25,0.025,999.9999999999982,46.66090035026251,0.5303030303030303,999.9999999999982,0.6775787525773286,1710.0
1980.0,50.20970323130403,69.0,38.0,0.5507246376811594,0.697200033574909,448.0,17.0,26,0.026000000000000002,1500.0000000000027,50.20970323130403,0.5507246376811594,1500.0000000000027,0.697200033574909,1980.0
2276.0,53.83208340587637,73.0,41.0,0.5616438356164384,0.7109785360249753,448.0,19.0,27,0.027,1500.0000000000036,53.83208340587637,0.5616438356164384,1500.0000000000036,0.7109785360249753,2276.0
2606.0,57.60262366923779,77.0,44.0,0.5714285714285714,0.7191306245766286,447.0,20.0,28,0.028,999.9999999999982,57.60262366923779,0.5714285714285714,999.9999999999982,0.7191306245766286,2606.0
2966.5,61.457831961897746,81.0,47.0,0.5802469135802469,0.7321895721173838,447.0,21.0,29,0.029,1500.0000000000018,61.457831961897746,0.5802469135802469,1500.0000000000018,0.7321895721173838,2966.5
3340.0,65.2121160476751,86.0,50.0,0.5813953488372093,0.7293905091087717,447.0,23.0,30,0.03,1500.0000000000055,65.2121160476751,0.5813953488372093,1500.0000000000055,0.7293905091087717,3340.0
3749.0,69.08961610265413,90.0,53.0,0.5888888888888889,0.7376971805047794,447.0,24.0,31,0.031,999.9999999999982,69.08961610265413,0.5888888888888889,999.9999999999982,0.7376971805047794,3749.0
4173.0,72.8918968073944,94.0,56.0,0.5957446808510638,0.7437059892111932,447.0,25.0,32,0.032,1499.9999999999982,72.8918968073944,0.5957446808510638,1499.9999999999982,0.7437059892111932,4173.0
4589.0,76.43884006700823,96.0,58.0,0.6041666666666666,0.7641468815917555,447.0,27.0,33,0.033,1499.9999999999982,76.43884006700823,0.6041666666666666,1499.9999999999982,0.7641468815917555,4589.0
5037.0,80.08312922726618,100.0,61.0,0.61,0.7655754247896205,447.0,28.0,34,0.034,1000.0,80.08312922726618,0.61,1499.9999999999982,0.7655754247896205,5037.0
5494.5,83.64098683389234,103.0,65.0,0.6310679611650486,0.7623243163418313,447.0,29.0,35,0.035,1499.9999999999982,83.64098683389234,0.6310679611650486,1499.9999999999982,0.7623243163418313,5494.5
5985.0,87.29455123454126,106.0,68.0,0.6415094339622641,0.7708009658549714,447.0,31.0,36,0.036000000000000004,1500.0000000000018,87.29455123454126,0.6415094339622641,1500.0000000000018,0.7708009658549714,5985.0
6514.0,91.07075487995502,110.0,71.0,0.6454545454545455,0.779654569567201,447.0,32.0,37,0.037,1500.0,91.07075487995502,0.6454545454545455,1500.0,0.779654569567201,6514.0
7031.0,94.61578747245582,114.0,74.0,0.6491228070175439,0.7786577463779886,447.0,34.0,38,0.038,1499.9999999999982,94.61578747245582,0.6491228070175439,1499.9999999999982,0.7786577463779886,7031.0
7569.5,98.17222995263383,117.0,77.0,0.6581196581196581,0.7895492188547887,447.0,35.0,39,0.039,1500.0,98.17222995263383,0.6581196581196581,1500.0,0.7895492188547887,7569.5
8132.0,101.75452804561743,120.0,80.0,0.6666666666666666,0.7898991791686935,447.0,37.0,40,0.04,1500.0,101.75452804561743,0.6666666666666666,1500.0,0.7898991791686935,8132.0
8729.0,105.42346980626864,124.0,83.0,0.6693548387096774,0.7954911480236332,447.0,38.0,41,0.041,1000.0,105.42346980626864,0.6693548387096774,1499.9999999999982,0.7954911480236332,8729.0
9315.0,108.90466637939828,128.0,86.0,0.671875,0.7931470173060533,447.0,39.0,42,0.042,1499.9999999999964,108.90466637939828,0.671875,1499.9999999999964,0.7931470173060533,9315.0
9845.5,111.96285070365994,132.0,89.0,0.6742424242424242,0.7967272581751216,447.0,41.0,43,0.043000000000000003,1500.0000000000036,111.96285070365994,0.6742424242424242,1500.0000000000036,0.7967272581751216,9845.5
10343.0,114.7567715265456,136.0,92.0,0.6764705882352942,0.8011070200158044,447.0,42.0,44,0.044,1000.0,114.7567715265456,0.6764705882352942,1000.0,0.8011070200158044,10343.0
10829.0,117.4219358975872,138.0,94.0,0.6811594202898551,0.8063993458491756,447.0,43.0,45,0.045,1000.0,117.4219358975872,0.6811594202898551,1000.0,0.8063993458491756,10829.0
11304.5,119.97223192663645,140.0,96.0,0.6857142857142857,0.8167947233284136,447.0,44.0,46,0.046,1000.0,119.97223192663645,0.6857142857142857,1000.0,0.8167947233284136,11304.5
11803.0,122.58893239811303,144.0,99.0,0.6875,0.8137229574214114,447.0,45.0,47,0.047,1499.9999999999964,122.58893239811303,0.6875,1000.0,0.8137229574214114,11803.0
12322.5,125.25771149912903,146.0,101.0,0.6917808219178082,0.8163732681502811,447.0,47.0,48,0.048,1499.9999999999964,125.25771149912903,0.6917808219178082,1000.0,0.8163732681502811,12322.5
12816.0,127.74129326621774,148.0,103.0,0.6959459459459459,0.8165557874456635,447.0,48.0,49,0.049,1000.0,127.74129326621774,0.6959459459459459,1000.0,0.8165557874456635,12816.0
13337.5,130.31436002185345,151.0,106.0,0.7019867549668874,0.807729331300662,447.0,49.0,50,0.05,1000.0,130.31436002185345,0.7019867549668874,1000.0,0.807729331300662,13337.5
13815.5,132.628959621527,154.0,109.0,0.7077922077922078,0.810444015171744,447.0,50.0,51,0.051000000000000004,1000.0,132.628959621527,0.7077922077922078,1000.0,0.810444015171744,13815.5
14287.0,134.8731751521824,156.0,112.0,0.717948717948718,0.8130696588125715,447.0,51.0,52,0.052000000000000005,1000.0000000000073,134.8731751521824,0.717948717948718,1000.0000000000073,0.8130696588125715,14287.0
14690.0,136.76216184368957,156.0,114.0,0.7307692307692307,0.8179023201379,447.0,52.0,53,0.053,1499.9999999999964,136.76216184368957,0.7307692307692307,1000.0000000000049,0.8179023201379,14690.0
15120.0,138.7493492467466,158.0,116.0,0.7341772151898734,0.8221481033819472,447.0,54.0,54,0.054,1499.9999999999964,138.7493492467466,0.7341772151898734,1000.0000000000024,0.8221481033819472,15120.0
15576.0,140.82605990652047,160.0,118.0,0.7375,0.8233859481220029,447.0,55.0,55,0.055,1000.0,140.82605990652047,0.7375,1000.0,0.8233859481220029,15576.0
16061.0,143.00174938787094,162.0,120.0,0.7407407407407407,0.8257331564507299,447.0,56.0,56,0.056,1000.0,143.00174938787094,0.7407407407407407,1000.0,0.8257331564507299,16061.0
16560.0,145.2062218391977,164.0,123.0,0.75,0.8256165329705887,447.0,57.0,57,0.057,1000.0,145.2062218391977,0.75,1000.0,0.8256165329705887,16560.0
17062.0,147.39068190449268,166.0,125.0,0.7530120481927711,0.8279685091246561,447.0,58.0,58,0.058,1000.0,147.39068190449268,0.7530120481927711,1000.0,0.8279685091246561,17062.0
17559.5,149.5240776121929,168.0,127.0,0.7559523809523809,0.8278129356256472,447.0,59.0,59,0.059000000000000004,1500.0000000000073,149.5240776121929,0.7559523809523809,1500.0000000000073,0.8278129356256472,17559.5
18118.5,151.88545253342747,170.0,130.0,0.7647058823529411,0.8331048640074147,447.0,61.0,60,0.06,1500.0000000000036,151.88545253342747,0.7647058823529411,1500.0000000000036,0.8331048640074147,18118.5
18734.5,154.44580360385615,174.0,133.0,0.764367816091954,0.8315361275252687,447.0,62.0,61,0.061,1000.0,154.44580360385615,0.764367816091954,1500.0000000000018,0.8315361275252687,18734.5
19420.5,157.24804793233278,176.0,136.0,0.7727272727272727,0.8377016849785005,447.0,63.0,62,0.062,1500.0,157.24804793233278,0.7727272727272727,1500.0,0.8377016849785005,19420.5
20168.0,160.24573360379603,180.0,139.0,0.7722222222222223,0.8388906840656788,447.0,65.0,63,0.063,1499.9999999999964,160.24573360379603,0.7722222222222223,1499.9999999999964,0.8388906840656788,20168.0
20874.0,163.02638515529253,182.0,142.0,0.7802197802197802,0.8445625917249137,447.0,66.0,64,0.064,1499.9999999999964,163.02638515529253,0.7802197802197802,1499.9999999999964,0.8445625917249137,20874.0
21639.0,165.9868383593235,186.0,144.0,0.7741935483870968,0.8459437941642304,447.0,68.0,65,0.065,1500.0,165.9868383593235,0.7741935483870968,1500.0,0.8459437941642304,21639.0
22387.5,168.8332026224654,188.0,147.0,0.7819148936170213,0.8468484294947651,447.0,69.0,66,0.066,1500.0,168.8332026224654,0.7819148936170213,1500.0,0.8468484294947651,22387.5
23114.5,171.55260259401754,190.0,150.0,0.7894736842105263,0.8515728110696656,447.0,71.0,67,0.067,1500.0,171.55260259401754,0.7894736842105263,1500.0,0.8515728110696656,23114.5
23850.0,174.2606184481555,192.0,153.0,0.796875,0.8543831396810342,447.0,72.0,68,0.068,1500.0,174.2606184481555,0.796875,1500.0,0.8543831396810342,23850.0
24635.0,177.105212189113,194.0,157.0,0.8092783505154639,0.8544152298128749,447.0,74.0,69,0.069,1500.0,177.105212189113,0.8092783505154639,1500.0,0.8544152298128749,24635.0
25470.5,180.08344683556277,197.0,161.0,0.817258883248731,0.8583213047832022,447.0,75.0,70,0.07,1500.0,180.08344683556277,0.817258883248731,1500.0,0.8583213047832022,25470.5
26300.0,182.99234963936274,200.0,164.0,0.82,0.8572748429797087,447.0,77.0,71,0.07100000000000001,1500.0,182.99234963936274,0.82,1500.0,0.8572748429797087,26300.0
27135.5,185.8762805367081,202.0,166.0,0.8217821782178217,0.863757307541001,447.0,78.0,72,0.07200000000000001,1500.0000000000218,185.8762805367081,0.8217821782178217,1500.0000000000218,0.863757307541001,27135.5
27958.0,188.67228517115512,204.0,169.0,0.8284313725490197,0.8638577943060759,447.0,80.0,73,0.073,1500.0000000000146,188.67228517115512,0.8284313725490197,1500.0000000000146,0.8638577943060759,27958.0
28761.0,191.36259442777217,206.0,172.0,0.8349514563106796,0.867708004244737,447.0,81.0,74,0.074,1500.0,191.36259442777217,0.8349514563106796,1500.0,0.867708004244737,28761.0
29621.5,194.2041842349763,210.0,176.0,0.8380952380952381,0.864683678103272,447.0,83.0,75,0.075,1500.0,194.2041842349763,0.8380952380952381,1500.0,0.864683678103272,29621.5
30515.5,197.11301663605542,212.0,179.0,0.8443396226415094,0.867283807636413,447.0,84.0,76,0.076,1500.0,197.11301663605542,0.8443396226415094,1500.0,0.867283807636413,30515.5
31466.5,200.1609156014455,214.0,183.0,0.8551401869158879,0.8719173598672382,447.0,86.0,77,0.077,2000.0,200.1609156014455,0.8551401869158879,1500.0,0.8719173598672382,31466.5
32425.0,203.18659463172676,218.0,186.0,0.8532110091743119,0.8696479956850539,447.0,88.0,78,0.078,1500.0,203.18659463172676,0.8532110091743119,1500.0,0.8696479956850539,32425.0
33370.0,206.12618370263488,221.0,189.0,0.8552036199095022,0.8702647351817537,447.0,89.0,79,0.079,1500.0,206.12618370263488,0.8552036199095022,1500.0,0.8702647351817537,33370.0
34229.5,208.76386899200793,224.0,192.0,0.8571428571428571,0.8727041039874035,447.0,91.0,80,0.08,1500.0,208.76386899200793,0.8571428571428571,1500.0,0.8727041039874035,34229.5
35053.5,211.2616917033801,226.0,195.0,0.8628318584070797,0.8745326323214355,447.0,92.0,81,0.081,999.9999999999927,211.2616917033801,0.8628318584070797,1499.9999999999964,0.8745326323214355,35053.5
35839.5,213.61710760970402,228.0,198.0,0.868421052631579,0.8780222847731848,447.0,93.0,82,0.082,1499.9999999999927,213.61710760970402,0.868421052631579,1499.9999999999927,0.8780222847731848,35839.5
36649.0,216.0161014253312,228.0,201.0,0.881578947368421,0.8844314645196936,447.0,95.0,83,0.083,1500.0,216.0161014253312,0.881578947368421,1500.0,0.8777881763150481,36649.0
37523.5,218.57814176369484,230.0,205.0,0.8913043478260869,0.8775540678569116,447.0,96.0,84,0.084,1500.0,218.57814176369484,0.8913043478260869,1500.0,0.8775540678569116,37523.5
38446.0,221.24865544650902,232.0,208.0,0.896551724137931,0.876470890320467,447.0,98.0,85,0.085,1500.0,221.24865544650902,0.896551724137931,1500.0,0.876470890320467,38446.0
39331.0,223.78066166221487,234.0,211.0,0.9017094017094017,0.8756968400863292,447.0,99.0,86,0.08600000000000001,1500.0,223.78066166221487,0.9017094017094017,1500.0,0.8756968400863292,39331.0
40232.5,226.33075350812896,236.0,214.0,0.9067796610169492,0.8737337060748633,447.0,101.0,87,0.08700000000000001,1500.0,226.33075350812896,0.9067796610169492,1500.0,0.8737337060748633,40232.5
41110.0,228.78565882516006,238.0,216.0,0.907563025210084,0.8756379834204201,447.0,102.0,88,0.088,1500.0,228.78565882516006,0.907563025210084,1500.0,0.8756379834204201,41110.0
42030.0,231.33148956685272,240.0,220.0,0.9166666666666666,0.8757773240226837,447.0,104.0,89,0.089,1500.0,231.33148956685272,0.9166666666666666,1500.0,0.8757773240226837,42030.0
42976.5,233.92173754123561,242.0,223.0,0.9214876033057852,0.8741764274935042,447.0,105.0,90,0.09,1499.9999999999927,233.92173754123561,0.9214876033057852,1499.9999999999927,0.8741764274935042,42976.5
43976.0,236.62625006383698,242.0,227.0,0.9380165289256198,0.8778673173174979,447.0,107.0,91,0.091,1999.9999999999927,236.62625006383698,0.9380165289256198,1499.9999999999964,0.8778673173174979,43976.0
45030.5,239.4464727641582,244.0,231.0,0.9467213114754098,0.8761501295832678,447.0,109.0,92,0.092,1500.0,239.4464727641582,0.9467213114754098,1500.0,0.8761501295832678,45030.5
46051.0,242.1444904898705,247.0,234.0,0.9473684210526315,0.8761162572326384,447.0,110.0,93,0.093,1500.0,242.1444904898705,0.9473684210526315,1500.0,0.8761162572326384,46051.0
47088.0,244.85567929392477,250.0,237.0,0.948,0.8774278164637797,447.0,112.0,94,0.094,2000.0,244.85567929392477,0.948,2000.0,0.8774278164637797,47088.0
48122.5,247.5307455479377,252.0,240.0,0.9523809523809523,0.87897112443995,447.0,114.0,95,0.095,1500.0,247.5307455479377,0.9523809523809523,1500.0,0.87897112443995,48122.5
49188.5,250.25735423001169,254.0,243.0,0.9566929133858267,0.8796175379756701,447.0,115.0,96,0.096,1500.0,250.25735423001169,0.9566929133858267,1500.0,0.8796175379756701,49188.5
50279.5,253.01748494819805,256.0,247.0,0.96484375,0.8811977697916499,447.0,117.0,97,0.097,2000.0,253.01748494819805,0.96484375,2000.0,0.8811977697916499,50279.5
51439.5,255.91952946464326,258.0,251.0,0.9728682170542635,0.878905345721368,447.0,119.0,98,0.098,1500.0,255.91952946464326,0.9728682170542635,1500.0,0.878905345721368,51439.5
52615.5,258.8283896059568,262.0,254.0,0.9694656488549618,0.8774124003948457,447.0,120.0,99,0.099,1499.9999999999927,258.8283896059568,0.9694656488549618,1499.9999999999927,0.8774124003948457,52615.5
53806.0,261.7401897760834,264.0,258.0,0.9772727272727273,0.878802907766584,447.0,122.0,100,0.1,1999.9999999999927,261.7401897760834,0.9772727272727273,1499.9999999999964,0.878802907766584,53806.0
54976.0,264.5706280208752,266.0,261.0,0.981203007518797,0.8801067849035743,447.0,124.0,101,0.101,1500.0,264.5706280208752,0.981203007518797,1500.0,0.8801067849035743,54976.0
56132.5,267.33895852427963,268.0,264.0,0.9850746268656716,0.8821310876894715,447.0,125.0,102,0.10200000000000001,1500.0,267.33895852427963,0.9850746268656716,1500.0,0.8821310876894715,56132.5
57327.5,270.1696504065641,270.0,268.0,0.9925925925925926,0.8794818795072261,447.0,127.0,103,0.10300000000000001,1500.0,270.1696504065641,0.9925925925925926,1500.0,0.8794818795072261,57327.5
58536.5,273.0036384563214,272.0,271.0,0.9963235294117647,0.883025357672933,447.0,128.0,104,0.10400000000000001,1500.0000000000218,273.0036384563214,0.9963235294117647,1500.0000000000218,0.883025357672933,58536.5
59769.5,275.8638993580862,274.0,276.0,1.0072992700729928,0.8790284041868657,447.0,130.0,105,0.105,2000.0,275.8638993580862,1.0072992700729928,1750.0000000000073,0.8790284041868657,59769.5
60973.5,278.6285544966801,276.0,279.0,1.0108695652173914,0.8798488105998884,447.0,132.0,106,0.106,1999.9999999999927,278.6285544966801,1.0108695652173914,1999.9999999999927,0.8798488105998884,60973.5
62133.0,281.2653420402696,278.0,282.0,1.014388489208633,0.8809493184122295,447.0,134.0,107,0.107,1500.0,281.2653420402696,1.014388489208633,1500.0,0.8809493184122295,62133.0
63294.5,283.8821240660281,280.0,285.0,1.0178571428571428,0.8797351689625413,447.0,135.0,108,0.108,1500.0,283.8821240660281,1.0178571428571428,1500.0,0.8797351689625413,63294.5
64453.0,286.4683374769635,282.0,289.0,1.024822695035461,0.8789862695033936,447.0,137.0,109,0.109,2000.0,286.4683374769635,1.024822695035461,2000.0,0.8789862695033936,64453.0
65649.0,289.1139963272596,284.0,292.0,1.028169014084507,0.879053155016144,447.0,139.0,110,0.11,1500.0,289.1139963272596,1.028169014084507,1500.0,0.879053155016144,65649.0
66896.0,291.8469334850093,286.0,297.0,1.0384615384615385,0.8766707002507813,447.0,140.0,111,0.111,1500.0,291.8469334850093,1.0384615384615385,1500.0,0.8766707002507813,66896.0
68154.0,294.57828829002364,288.0,300.0,1.0416666666666667,0.8751905033360148,447.0,142.0,112,0.112,2000.0,294.57828829002364,1.0416666666666667,2000.0,0.8751905033360148,68154.0
69388.5,297.23422102755234,290.0,303.0,1.0448275862068965,0.8763777708151473,447.0,144.0,113,0.113,1500.0,297.23422102755234,1.0448275862068965,1500.0,0.8763777708151473,69388.5
70592.5,299.8018721784722,292.0,307.0,1.0513698630136987,0.8766067369614362,447.0,145.0,114,0.114,1500.0,299.8018721784722,1.0513698630136987,1500.0,0.8766067369614362,70592.5
71818.5,302.3940380423567,294.0,310.0,1.054421768707483,0.8743610428138218,447.0,147.0,115,0.115,2000.0,302.3940380423567,1.054421768707483,2000.0,0.8743610428138218,71818.5
73076.5,305.03096497050774,296.0,314.0,1.0608108108108107,0.8749997152877086,447.0,149.0,116,0.116,1500.0,305.03096497050774,1.0608108108108107,1500.0,0.8749997152877086,73076.5
74366.5,307.7115022282194,298.0,318.0,1.0671140939597314,0.8719161051452821,447.0,150.0,117,0.117,1500.0,307.7115022282194,1.0671140939597314,1500.0,0.8719161051452821,74366.5
75678.5,310.4140120649195,300.0,322.0,1.0733333333333333,0.8729307711458856,447.0,152.0,118,0.11800000000000001,2000.0,310.4140120649195,1.0733333333333333,2000.0,0.8729307711458856,75678.5
76997.5,313.1074286019827,302.0,325.0,1.076158940397351,0.8733092081726908,447.0,154.0,119,0.11900000000000001,2000.0000000000146,313.1074286019827,1.076158940397351,2000.0000000000146,0.8733092081726908,76997.5
78301.5,315.74763057239295,304.0,328.0,1.0789473684210527,0.8733870147830394,447.0,156.0,120,0.12,1500.0000000000146,315.74763057239295,1.0789473684210527,1500.0000000000146,0.8733870147830394,78301.5
79600.5,318.3559397603433,306.0,332.0,1.0849673202614378,0.8719381835447528,447.0,157.0,121,0.121,1499.9999999999854,318.3559397603433,1.0849673202614378,1499.9999999999854,0.8719381835447528,79600.5
80913.0,320.96982924124853,308.0,335.0,1.0876623376623376,0.8709377189688625,447.0,159.0,122,0.122,2000.0,320.96982924124853,1.0876623376623376,2000.0,0.8709377189688625,80913.0
82241.5,323.59408217446884,310.0,339.0,1.0935483870967742,0.8705589121105587,447.0,161.0,123,0.123,1500.0,323.59408217446884,1.0935483870967742,1500.0,0.8705589121105587,82241.5
83638.0,326.3299082869352,312.0,343.0,1.0993589743589745,0.8707817856145265,447.0,162.0,124,0.124,1500.0,326.3299082869352,1.0993589743589745,1500.0,0.8707817856145265,83638.0
85024.5,329.0236399885802,314.0,347.0,1.105095541401274,0.8671059173312324,447.0,164.0,125,0.125,2000.0,329.0236399885802,1.105095541401274,2000.0,0.8671059173312324,85024.5
86386.0,331.6475106366574,316.0,350.0,1.1075949367088607,0.869873309843919,447.0,166.0,126,0.126,1500.0,331.6475106366574,1.1075949367088607,1500.0,0.869873309843919,86386.0
87711.5,334.1822112681018,318.0,353.0,1.110062893081761,0.8685204339943118,447.0,167.0,127,0.127,1500.0,334.1822112681018,1.110062893081761,1500.0,0.8685204339943118,87711.5
89045.5,336.71390211975944,320.0,357.0,1.115625,0.8685955310413577,447.0,169.0,128,0.128,2000.0,336.71390211975944,1.115625,2000.0,0.8685955310413577,89045.5
90373.5,339.2154389117972,322.0,360.0,1.1180124223602483,0.8679940837516835,447.0,171.0,129,0.129,2000.0,339.2154389117972,1.1180124223602483,2000.0,0.8679940837516835,90373.5
91753.0,341.7945990621932,324.0,365.0,1.126543209876543,0.8661856932195403,447.0,173.0,130,0.13,1500.0,341.7945990621932,1.126543209876543,1500.0,0.8661856932195403,91753.0
93131.5,344.35259351499417,324.0,368.0,1.1358024691358024,0.8674946396593125,447.0,174.0,131,0.131,1500.0,344.35259351499417,1.1358024691358024,1500.0,0.8674946396593125,93131.5
94494.5,346.8632787713004,326.0,372.0,1.1411042944785277,0.8657351333492574,447.0,176.0,132,0.132,2000.0,346.8632787713004,1.1411042944785277,2000.0,0.8657351333492574,94494.5
95846.0,349.33496447490967,328.0,375.0,1.1432926829268293,0.8658860993720021,447.0,178.0,133,0.133,1500.0,349.33496447490967,1.1432926829268293,1500.0,0.8658860993720021,95846.0
97190.5,351.77661658015705,330.0,378.0,1.1454545454545455,0.8658871212024621,447.0,179.0,134,0.134,1500.0,351.77661658015705,1.1454545454545455,1500.0,0.8658871212024621,97190.5
98553.0,354.2337884113887,332.0,382.0,1.1506024096385543,0.8647654920452396,447.0,181.0,135,0.135,2000.0,354.2337884113887,1.1506024096385543,2000.0,0.8647654920452396,98553.0
99944.0,356.72489828859875,333.0,386.0,1.1591591591591592,0.8641735682852852,447.0,183.0,136,0.136,1999.9999999999854,356.72489828859875,1.1591591591591592,1999.9999999999854,0.8641735682852852,99944.0
101353.5,359.2315189363474,334.0,390.0,1.1676646706586826,0.8628324056674134,447.0,185.0,137,0.137,1499.9999999999854,359.2315189363474,1.1676646706586826,1499.9999999999854,0.8628324056674134,101353.5
102749.0,361.69612934339403,336.0,393.0,1.1696428571428572,0.8629635015876048,447.0,186.0,138,0.138,1500.0,361.69612934339403,1.1696428571428572,1500.0,0.8629635015876048,102749.0
104142.0,364.1396883996707,338.0,397.0,1.1745562130177514,0.8626530881266299,447.0,188.0,139,0.139,2000.0,364.1396883996707,1.1745562130177514,2000.0,0.8626530881266299,104142.0
105506.0,366.51659090255123,340.0,400.0,1.1764705882352942,0.8620334004298704,447.0,190.0,140,0.14,2000.0,366.51659090255123,1.1764705882352942,2000.0,0.8620334004298704,105506.0
106893.0,368.9178697967554,341.0,403.0,1.1818181818181819,0.8633519015040124,447.0,192.0,141,0.14100000000000001,1500.0,368.9178697967554,1.1818181818181819,1500.0,0.8633519015040124,106893.0
108306.0,371.3481952724242,343.0,407.0,1.186588921282799,0.8613753307928764,447.0,193.0,142,0.14200000000000002,1500.0,371.3481952724242,1.186588921282799,1500.0,0.8613753307928764,108306.0
109764.0,373.83935773044334,344.0,411.0,1.194767441860465,0.8608365534251495,447.0,195.0,143,0.14300000000000002,2000.0,373.83935773044334,1.194767441860465,2000.0,0.8608365534251495,109764.0
111222.0,376.3140292953935,346.0,415.0,1.199421965317919,0.8575368601215692,447.0,197.0,144,0.14400000000000002,2000.0000000000146,376.3140292953935,1.199421965317919,2000.0000000000146,0.8575368601215692,111222.0
112652.5,378.72630990370595,348.0,418.0,1.2011494252873562,0.8558967043361626,447.0,199.0,145,0.145,1500.0000000000437,378.72630990370595,1.2011494252873562,1500.0000000000437,0.8558967043361626,112652.5
114097.5,381.1475422397739,350.0,422.0,1.2057142857142857,0.855548556765049,447.0,200.0,146,0.146,1500.0,381.1475422397739,1.2057142857142857,1500.0,0.855548556765049,114097.5
115530.5,383.53357248489436,352.0,425.0,1.2073863636363635,0.8545978847156905,447.0,202.0,147,0.147,2000.0,383.53357248489436,1.2073863636363635,2000.0,0.8545978847156905,115530.5
116992.0,385.95186334264037,354.0,429.0,1.2118644067796611,0.8519658753818359,447.0,204.0,148,0.148,1500.0,385.95186334264037,1.2118644067796611,1500.0,0.8519658753818359,116992.0
118478.0,388.39525586846787,356.0,433.0,1.2162921348314606,0.8517481534127687,447.0,205.0,149,0.149,1500.0,388.39525586846787,1.2162921348314606,1500.0,0.8517481534127687,118478.0
120001.0,390.88363819398256,358.0,437.0,1.2206703910614525,0.850231393055347,447.0,207.0,150,0.15,2000.0,390.88363819398256,1.2206703910614525,2000.0,0.850231393055347,120001.0
121465.0,393.26078027341674,360.0,440.0,1.2222222222222223,0.8478240284606036,447.0,209.0,151,0.151,2000.0,393.26078027341674,1.2222222222222223,2000.0,0.8478240284606036,121465.0
122904.5,395.5842130645545,361.0,443.0,1.2271468144044322,0.8484690390497246,447.0,211.0,152,0.152,1500.0,395.5842130645545,1.2271468144044322,1500.0,0.8484690390497246,122904.5
124338.0,397.8844788544543,362.0,446.0,1.2320441988950277,0.8504766942321913,447.0,212.0,153,0.153,1499.9999999999854,397.8844788544543,1.2320441988950277,1499.9999999999854,0.8504766942321913,124338.0
125788.0,400.19777092476,364.0,450.0,1.2362637362637363,0.8482646156563881,447.0,214.0,154,0.154,1999.9999999999854,400.19777092476,1.2362637362637363,1999.9999999999854,0.8482646156563881,125788.0
127254.0,402.5230739047495,366.0,454.0,1.2404371584699454,0.8451180716044197,447.0,216.0,155,0.155,1500.0,402.5230739047495,1.2404371584699454,1500.0,0.8451180716044197,127254.0
128699.0,404.8019962498588,367.0,458.0,1.2479564032697548,0.8448589865221289,447.0,217.0,156,0.156,1500.0,404.8019962498588,1.2479564032697548,1500.0,0.8448589865221289,128699.0
130176.0,407.1182027070818,368.0,461.0,1.252717391304348,0.8447576431109038,447.0,219.0,157,0.157,2000.0,407.1182027070818,1.252717391304348,2000.0,0.8447576431109038,130176.0
131624.0,409.37621063786924,370.0,464.0,1.2540540540540541,0.8434185883720499,447.0,221.0,158,0.158,2000.0,409.37621063786924,1.2540540540540541,1750.0,0.8434185883720499,131624.0
133003.5,411.51587549957685,371.0,467.0,1.2587601078167117,0.843304955501999,447.0,223.0,159,0.159,1500.0,411.51587549957685,1.2587601078167117,1500.0,0.843304955501999,133003.5
134397.0,413.66601878057577,372.0,470.0,1.2634408602150538,0.8432352410219757,447.0,224.0,160,0.16,1500.0,413.66601878057577,1.2634408602150538,1500.0,0.8432352410219757,134397.0
135820.0,415.8502073655005,374.0,473.0,1.2647058823529411,0.8430167434156908,447.0,226.0,161,0.161,1500.0,415.8502073655005,1.2647058823529411,1500.0,0.8430167434156908,135820.0
137221.0,417.98947781984145,376.0,477.0,1.2686170212765957,0.83889563591779,447.0,227.0,162,0.162,1500.0,417.98947781984145,1.2686170212765957,1500.0,0.83889563591779,137221.0
138630.5,420.13073525559633,376.0,480.0,1.2765957446808511,0.8397797392588725,447.0,229.0,163,0.163,2000.0,420.13073525559633,1.2765957446808511,1500.0,0.8397797392588725,138630.5
140016.0,422.22494963661086,378.0,483.0,1.2777777777777777,0.8399054611719702,447.0,231.0,164,0.164,1500.0,422.22494963661086,1.2777777777777777,1500.0,0.8399054611719702,140016.0
141380.5,424.2773190431344,380.0,486.0,1.2789473684210526,0.8371647211956807,447.0,232.0,165,0.165,1500.0,424.2773190431344,1.2789473684210526,1500.0,0.8371647211956807,141380.5
142679.0,426.22123950275903,380.0,489.0,1.2868421052631578,0.8386085467447693,447.0,234.0,166,0.166,1500.0,426.22123950275903,1.2868421052631578,1500.0,0.8386085467447693,142679.0
144004.5,428.1964782898322,382.0,491.0,1.2853403141361257,0.8356047183878553,447.0,235.0,167,0.167,1000.0,428.1964782898322,1.2853403141361257,1500.0,0.8356047183878553,144004.5
145289.5,430.10270498428565,384.0,494.0,1.2864583333333333,0.8366168365881161,447.0,236.0,168,0.168,1500.0,430.10270498428565,1.2864583333333333,1500.0,0.8366168365881161,145289.5
146556.5,431.9739938213629,384.0,496.0,1.2916666666666667,0.8367117291808561,447.0,238.0,169,0.169,1500.0,431.9739938213629,1.2916666666666667,1500.0,0.8367117291808561,146556.5
147859.0,433.8893013719011,386.0,499.0,1.2927461139896372,0.8361584219216911,447.0,239.0,170,0.17,1500.0,433.8893013719011,1.2927461139896372,1500.0,0.8361584219216911,147859.0
149114.5,435.72752735328925,387.0,502.0,1.297157622739018,0.8349323312478197,447.0,241.0,171,0.171,1499.9999999999854,435.72752735328925,1.297157622739018,1499.9999999999854,0.8349323312478197,149114.5
150381.0,437.5740348521819,388.0,505.0,1.3015463917525774,0.8350499048033312,447.0,242.0,172,0.17200000000000001,1499.9999999999854,437.5740348521819,1.3015463917525774,1499.9999999999854,0.8350499048033312,150381.0
151599.5,439.3432352524371,390.0,507.0,1.3,0.8335791748679793,447.0,244.0,173,0.17300000000000001,1500.0,439.3432352524371,1.3,1500.0,0.8335791748679793,151599.5
152797.0,441.0750307112143,392.0,510.0,1.3010204081632653,0.8336445391112371,447.0,245.0,174,0.17400000000000002,1000.0,441.0750307112143,1.3010204081632653,1250.0,0.8336445391112371,152797.0
153939.5,442.7209718284854,392.0,512.0,1.3061224489795917,0.8335416564989152,447.0,246.0,175,0.17500000000000002,1000.0,442.7209718284854,1.3061224489795917,1000.0,0.8335416564989152,153939.5
155102.5,444.39018495831516,394.0,514.0,1.3045685279187818,0.8314599352378367,447.0,247.0,176,0.176,1500.0000000000146,444.39018495831516,1.3045685279187818,1500.0000000000146,0.8314599352378367,155102.5
156208.0,445.971078438939,396.0,516.0,1.303030303030303,0.8314950727131212,447.0,249.0,177,0.177,1500.0,445.971078438939,1.303030303030303,1250.0000000000073,0.8314950727131212,156208.0
157312.0,447.54425396979224,396.0,518.0,1.3080808080808082,0.8330286794927325,447.0,250.0,178,0.178,1000.0,447.54425396979224,1.3080808080808082,1000.0,0.8330286794927325,157312.0
158394.5,449.0814414653023,398.0,520.0,1.306532663316583,0.8320040501071514,447.0,251.0,179,0.179,1000.0,449.0814414653023,1.306532663316583,1000.0,0.8320040501071514,158394.5
159462.0,450.5921928779487,400.0,522.0,1.305,0.8308907818283977,447.0,252.0,180,0.18,1000.0,450.5921928779487,1.305,1000.0,0.8308907818283977,159462.0
160509.5,452.0697321273219,400.0,524.0,1.31,0.831431315330372,447.0,253.0,181,0.181,1000.0,452.0697321273219,1.31,1000.0,0.831431315330372,160509.5
161537.0,453.5143838268903,402.0,526.0,1.308457711442786,0.8300864291109091,447.0,254.0,182,0.182,1000.0,453.5143838268903,1.308457711442786,1000.0,0.8300864291109091,161537.0
162544.0,454.92576159130874,404.0,528.0,1.306930693069307,0.8304902116354882,447.0,255.0,183,0.183,1500.0,454.92576159130874,1.306930693069307,1000.0,0.8304902116354882,162544.0
163495.0,456.25464311771714,404.0,530.0,1.311881188118812,0.8298669952564968,447.0,257.0,184,0.184,1500.0,456.25464311771714,1.311881188118812,1000.0,0.8298669952564968,163495.0
164394.0,457.50731329367005,405.0,531.0,1.3111111111111111,0.828971894972795,447.0,258.0,185,0.185,1000.0,457.50731329367005,1.3111111111111111,1000.0,0.828971894972795,164394.0
165283.0,458.7426856882428,406.0,533.0,1.312807881773399,0.8283795873284318,447.0,259.0,186,0.186,1000.0,458.7426856882428,1.312807881773399,1000.0,0.8283795873284318,165283.0
166114.5,459.8951514790183,406.0,534.0,1.3152709359605912,0.8298345071628941,447.0,260.0,187,0.187,1000.0,459.8951514790183,1.3152709359605912,1000.0,0.8298345071628941,166114.5
166907.0,460.9908813557073,408.0,535.0,1.3112745098039216,0.8281298990627204,447.0,261.0,188,0.188,500.0,460.9908813557073,1.3112745098039216,999.9999999999951,0.8281298990627204,166907.0
167693.0,462.0750577290162,408.0,537.0,1.3161764705882353,0.8290801269642858,447.0,261.0,189,0.189,500.0,462.0750577290162,1.3161764705882353,999.9999999999903,0.8290801269642858,167693.0
168407.5,463.05840736346306,408.0,538.0,1.3186274509803921,0.8287019069706356,447.0,262.0,190,0.19,999.9999999999854,463.05840736346306,1.3186274509803921,999.9999999999854,0.8287019069706356,168407.5
169121.0,464.0383012695778,410.0,539.0,1.3146341463414635,0.8266022922792078,447.0,263.0,191,0.191,999.9999999999854,464.0383012695778,1.3146341463414635,999.9999999999854,0.8266022922792078,169121.0
169770.5,464.9285043202459,410.0,540.0,1.3170731707317074,0.8271070084537793,447.0,264.0,192,0.192,1000.0,464.9285043202459,1.3170731707317074,1000.0,0.8271070084537793,169770.5
170399.0,465.78830511652717,410.0,541.0,1.3195121951219513,0.8262981939077995,447.0,265.0,193,0.193,1000.0,465.78830511652717,1.3195121951219513,1000.0,0.8262981939077995,170399.0
170986.0,466.5899021582942,411.0,542.0,1.3187347931873479,0.8241930737914615,447.0,266.0,194,0.194,1000.0,466.5899021582942,1.3187347931873479,1000.0,0.8241930737914615,170986.0
171545.5,467.3526658973562,412.0,543.0,1.3179611650485437,0.8242478464023163,447.0,267.0,195,0.195,500.0,467.3526658973562,1.3179611650485437,750.0,0.8242478464023163,171545.5
172067.5,468.0631852257958,412.0,544.0,1.3203883495145632,0.8235227127571695,447.0,267.0,196,0.196,500.0,468.0631852257958,1.3203883495145632,500.0,0.8235227127571695,172067.5
172521.0,468.6795915092261,412.0,545.0,1.3228155339805825,0.8218772040960209,447.0,268.0,197,0.197,1000.0,468.6795915092261,1.3228155339805825,1000.0,0.8218772040960209,172521.0
172978.5,469.30061430704666,413.0,546.0,1.3220338983050848,0.8217856582161626,447.0,269.0,198,0.198,1000.0,469.30061430704666,1.3220338983050848,1000.0,0.8217856582161626,172978.5
173394.5,469.8645913873285,414.0,547.0,1.321256038647343,0.8188924799872187,447.0,270.0,199,0.199,500.0,469.8645913873285,1.321256038647343,500.0,0.8188924799872187,173394.5
173720.0,470.3054047227104,414.0,548.0,1.3236714975845412,0.8102227100634638,447.0,270.0,200,0.2,500.0,470.3054047227104,1.3236714975845412,750.0,0.8102227100634638,173720.0
174010.0,470.6977938968544,414.0,549.0,1.326086956521739,0.7971084716038757,447.0,271.0,201,0.201,1000.0,470.6977938968544,1.326086956521739,1000.0,0.7971084716038757,174010.0
174226.5,470.9905195869666,415.0,550.0,1.3253012048192772,0.7788116750838079,447.0,272.0,202,0.202,1000.0,470.9905195869666,1.3253012048192772,1000.0,0.7788116750838079,174226.5
174452.5,471.295896097039,416.0,550.0,1.3221153846153846,0.7611099915913069,447.0,273.0,203,0.203,1000.0,471.295896097039,1.3221153846153846,1000.0,0.7611099915913069,174452.5
174080.0,470.79245952701615,416.0,527.0,1.2668269230769231,0.861552815165921,447.0,274.0,204,0.20400000000000001,1000.0,470.79245952701615,1.2668269230769231,1000.0,0.861552815165921,174080.0
174278.5,471.0608007435209,416.0,526.0,1.2644230769230769,0.8627979694882779,447.0,275.0,205,0.20500000000000002,500.0,471.0608007435209,1.2644230769230769,500.0,0.8627979694882779,174278.5
174445.0,471.28576509515483,416.0,525.0,1.2620192307692308,0.8651574939497779,447.0,275.0,206,0.20600000000000002,500.0,471.28576509515483,1.2620192307692308,500.0,0.8651574939497779,174445.0
174565.0,471.4478350005371,416.0,525.0,1.2620192307692308,0.8635811885132084,447.0,276.0,207,0.20700000000000002,500.0,471.4478350005371,1.2620192307692308,500.0,0.8635811885132084,174565.0
174661.5,471.57812581030583,416.0,525.0,1.2620192307692308,0.8655940233326017,447.0,276.0,208,0.20800000000000002,500.0000000000291,471.57812581030583,1.2620192307692308,500.0000000000291,0.8655940233326017,174661.5
174720.5,471.65776774680603,416.0,524.0,1.2596153846153846,0.8649861741052589,447.0,277.0,209,0.209,500.0000000000291,471.65776774680603,1.2596153846153846,500.0000000000291,0.8649861741052589,174720.5
174728.5,471.6685656181233,417.0,523.0,1.2541966426858513,0.8668277561660006,447.0,277.0,210,0.21,500.0,471.6685656181233,1.2541966426858513,500.0,0.8668277561660006,174728.5
174730.5,471.67126504732863,418.0,522.0,1.2488038277511961,0.8668376793308883,447.0,278.0,211,0.211,500.0,471.67126504732863,1.2488038277511961,500.0,0.8668376793308883,174730.5
174687.5,471.6132239143891,418.0,521.0,1.2464114832535884,0.8666243549843372,447.0,278.0,212,0.212,0.0,471.6132239143891,1.2464114832535884,500.0,0.8666243549843372,174687.5
174613.5,471.51332244658084,418.0,520.0,1.244019138755981,0.8693444102745276,447.0,278.0,213,0.213,500.0,471.51332244658084,1.244019138755981,500.0,0.8693444102745276,174613.5
174511.0,471.3749104388968,418.0,520.0,1.244019138755981,0.8685687677151257,447.0,279.0,214,0.214,500.0,471.3749104388968,1.244019138755981,500.0,0.8685687677151257,174511.0
174356.0,471.16552724264966,418.0,519.0,1.2416267942583732,0.8687028894776985,447.0,279.0,215,0.215,0.0,471.16552724264966,1.2416267942583732,0.0,0.8687028894776985,174356.0
174166.5,470.90941291093,418.0,518.0,1.2392344497607655,0.8680239536812743,447.0,279.0,216,0.216,500.0,470.90941291093,1.2392344497607655,500.0,0.8680239536812743,174166.5
173950.0,470.6166367720988,418.0,517.0,1.236842105263158,0.8697753888609367,447.0,280.0,217,0.217,500.0,470.6166367720988,1.236842105263158,500.0,0.8697753888609367,173950.0
173694.5,470.2708858764294,418.0,517.0,1.236842105263158,0.8673254907484543,447.0,280.0,218,0.218,0.0,470.2708858764294,1.236842105263158,0.0,0.8673254907484543,173694.5
173402.0,469.8747530312378,418.0,515.0,1.2320574162679425,0.8723410587842682,447.0,280.0,219,0.219,0.0,469.8747530312378,1.2320574162679425,0.0,0.8723410587842682,173402.0
173059.5,469.4104802750945,418.0,514.0,1.229665071770335,0.8699730193132631,447.0,280.0,220,0.22,0.0,469.4104802750945,1.229665071770335,0.0,0.8699730193132631,173059.5
172692.5,468.9124865891045,418.0,514.0,1.229665071770335,0.8685050515159976,447.0,280.0,221,0.221,500.0,468.9124865891045,1.229665071770335,0.0,0.8685050515159976,172692.5
172284.0,468.35755756169107,417.0,512.0,1.2278177458033572,0.8707414035015562,447.0,281.0,222,0.222,500.0,468.35755756169107,1.2278177458033572,0.0,0.8707414035015562,172284.0
171846.5,467.7625032260828,416.0,512.0,1.2307692307692308,0.8704694143286641,447.0,281.0,223,0.223,0.0,467.7625032260828,1.2307692307692308,0.0,0.8704694143286641,171846.5
171375.0,467.1203559886772,416.0,510.0,1.2259615384615385,0.8714761848596614,447.0,281.0,224,0.224,0.0,467.1203559886772,1.2259615384615385,0.0,0.8714761848596614,171375.0
170894.5,466.46504196750186,416.0,508.0,1.2211538461538463,0.8709790239083476,447.0,281.0,225,0.225,0.0,466.46504196750186,1.2211538461538463,0.0,0.8709790239083476,170894.5
170346.5,465.71654480727693,416.0,507.0,1.21875,0.8722440245047463,447.0,281.0,226,0.226,0.0,465.71654480727693,1.21875,0.0,0.8722440245047463,170346.5
169767.0,464.923711796951,416.0,506.0,1.2163461538461537,0.8712303083501824,447.0,281.0,227,0.227,0.0,464.923711796951,1.2163461538461537,0.0,0.8712303083501824,169767.0
169152.5,464.0815144894425,416.0,505.0,1.2139423076923077,0.8696479281120147,447.0,281.0,228,0.228,0.0,464.0815144894425,1.2139423076923077,0.0,0.8696479281120147,169152.5
168519.5,463.2123610818231,414.0,503.0,1.214975845410628,0.8726974525215412,447.0,281.0,229,0.229,0.0,463.2123610818231,1.214975845410628,0.0,0.8726974525215412,168519.5
167861.0,462.3064602823425,414.0,501.0,1.210144927536232,0.8731104341724362,447.0,281.0,230,0.23,0.0,462.3064602823425,1.210144927536232,0.0,0.8731104341724362,167861.0
167129.0,461.2973573217638,414.0,500.0,1.2077294685990339,0.8706149641919245,447.0,281.0,231,0.231,0.0,461.2973573217638,1.2077294685990339,0.0,0.8706149641919245,167129.0
166366.5,460.24385571040756,414.0,498.0,1.2028985507246377,0.8704656792593736,447.0,281.0,232,0.232,0.0,460.24385571040756,1.2028985507246377,0.0,0.8704656792593736,166366.5
165574.0,459.14634309768803,412.0,496.0,1.203883495145631,0.8720166023020351,447.0,281.0,233,0.233,0.0,459.14634309768803,1.203883495145631,0.0,0.8720166023020351,165574.0
164769.0,458.02882720028447,412.0,496.0,1.203883495145631,0.8694813635635833,447.0,281.0,234,0.234,0.0,458.02882720028447,1.203883495145631,0.0,0.8694813635635833,164769.0
163870.0,456.77758723009947,412.0,494.0,1.1990291262135921,0.8692377852334907,447.0,281.0,235,0.23500000000000001,-500.0,456.77758723009947,1.1990291262135921,0.0,0.8692377852334907,163870.0
162968.0,455.5187176465968,410.0,491.0,1.197560975609756,0.8727274175744578,447.0,280.0,236,0.23600000000000002,-500.0,455.5187176465968,1.197560975609756,0.0,0.8727274175744578,162968.0
162051.5,454.2360378521834,410.0,489.0,1.1926829268292682,0.8717007575716385,447.0,280.0,237,0.23700000000000002,0.0,454.2360378521834,1.1926829268292682,0.0,0.8717007575716385,162051.5
161062.0,452.847112781052,408.0,487.0,1.1936274509803921,0.8721557786112423,447.0,280.0,238,0.23800000000000002,0.0,452.847112781052,1.1936274509803921,0.0,0.8721557786112423,161062.0
160093.5,451.48352689224305,408.0,485.0,1.1887254901960784,0.8731065253922807,447.0,280.0,239,0.23900000000000002,0.0,451.48352689224305,1.1887254901960784,0.0,0.8731065253922807,160093.5
159018.0,449.9644496231854,407.0,483.0,1.1867321867321867,0.8734608232346419,447.0,280.0,240,0.24,-500.0,449.9644496231854,1.1867321867321867,-500.0,0.8734608232346419,159018.0
158007.5,448.53249309803766,406.0,481.0,1.1847290640394088,0.8741572946188529,447.0,279.0,241,0.241,-500.0,448.53249309803766,1.1847290640394088,-500.0,0.8741572946188529,158007.5
156861.0,446.9022580237231,404.0,479.0,1.1856435643564356,0.8750484658484101,447.0,279.0,242,0.242,0.0,446.9022580237231,1.1856435643564356,-500.0,0.8750484658484101,156861.0
155751.5,445.3189519342498,404.0,477.0,1.1806930693069306,0.8751617779798505,447.0,279.0,243,0.243,-500.0,445.3189519342498,1.1806930693069306,-500.0,0.8751617779798505,155751.5
154545.5,443.5915261373554,402.0,475.0,1.181592039800995,0.8763701921968456,447.0,278.0,244,0.244,-500.0,443.5915261373554,1.181592039800995,-500.0,0.8763701921968456,154545.5
153327.5,441.8400573684788,402.0,472.0,1.1741293532338308,0.8741547950561913,447.0,278.0,245,0.245,-500.0,441.8400573684788,1.1741293532338308,-500.0,0.8741547950561913,153327.5
152044.5,439.98757932410484,400.0,469.0,1.1725,0.8768343736279965,447.0,277.0,246,0.246,-500.0,439.98757932410484,1.1725,-500.0,0.8768343736279965,152044.5
150749.5,438.1098318333582,398.0,466.0,1.170854271356784,0.8760677566912405,447.0,277.0,247,0.247,-500.0,438.1098318333582,1.170854271356784,-500.0,0.8760677566912405,150749.5
149482.0,436.26413286689245,398.0,464.0,1.1658291457286432,0.8751342288677155,447.0,276.0,248,0.248,-500.0,436.26413286689245,1.1658291457286432,-500.0,0.8751342288677155,149482.0
148180.5,434.3607629133055,396.0,461.0,1.1641414141414141,0.8769458850303992,447.0,276.0,249,0.249,-500.0,434.3607629133055,1.1641414141414141,-500.0,0.8769458850303992,148180.5
146849.0,432.4048495389638,394.0,459.0,1.1649746192893402,0.8769750652428744,447.0,275.0,250,0.25,-500.0,432.4048495389638,1.1649746192893402,-500.0,0.8769750652428744,146849.0
145474.5,430.376447021181,392.0,456.0,1.163265306122449,0.8772987159154169,447.0,275.0,251,0.251,-500.0,430.376447021181,1.163265306122449,-500.0,0.8772987159154169,145474.5
144107.0,428.3488427358595,392.0,453.0,1.155612244897959,0.8760258169600881,447.0,274.0,252,0.252,-500.0,428.3488427358595,1.155612244897959,-500.0,0.8760258169600881,144107.0
142715.0,426.27500703991404,390.0,451.0,1.1564102564102565,0.8778954305139522,447.0,274.0,253,0.253,-500.0,426.27500703991404,1.1564102564102565,-500.0,0.8778954305139522,142715.0
141282.0,424.1294959788499,388.0,448.0,1.1546391752577319,0.8784674077135227,447.0,273.0,254,0.254,-1000.0,424.1294959788499,1.1546391752577319,-500.0,0.8784674077135227,141282.0
139782.0,421.87198300215493,386.0,445.0,1.1528497409326426,0.8790057852616949,447.0,272.0,255,0.255,-500.0,421.87198300215493,1.1528497409326426,-500.0,0.8790057852616949,139782.0
138275.5,419.59246259677616,386.0,442.0,1.145077720207254,0.8776912096120381,447.0,272.0,256,0.256,-500.0,419.59246259677616,1.145077720207254,-500.0,0.8776912096120381,138275.5
136750.0,417.2715036310693,384.0,439.0,1.1432291666666667,0.8778373818017454,447.0,271.0,257,0.257,-1000.0,417.2715036310693,1.1432291666666667,-1000.0,0.8778373818017454,136750.0
135148.0,414.82017548796705,382.0,436.0,1.1413612565445026,0.8786065237428572,447.0,270.0,258,0.258,-1000.0,414.82017548796705,1.1413612565445026,-1000.0,0.8786065237428572,135148.0
133565.5,412.38437944752997,380.0,433.0,1.1394736842105264,0.8761690901531256,447.0,269.0,259,0.259,-500.0,412.38437944752997,1.1394736842105264,-500.0,0.8785997502780243,133565.5
131960.0,409.89839024232833,378.0,429.0,1.1349206349206349,0.8785929768131915,447.0,269.0,260,0.26,-500.0,409.89839024232833,1.1349206349206349,-750.0,0.8785929768131915,131960.0
130322.5,407.3472235927824,377.0,426.0,1.129973474801061,0.8786383104863257,447.0,268.0,261,0.261,-1000.0,407.3472235927824,1.129973474801061,-1000.0,0.8786383104863257,130322.5
128671.5,404.75874552675265,376.0,422.0,1.122340425531915,0.8788365775690851,447.0,267.0,262,0.262,-1000.0,404.75874552675265,1.122340425531915,-1000.0,0.8788365775690851,128671.5
127026.5,402.1631050075344,374.0,419.0,1.1203208556149733,0.8774797532094404,447.0,266.0,263,0.263,-1000.0,402.1631050075344,1.1203208556149733,-1000.0,0.8774797532094404,127026.5
125284.0,399.39522170727093,372.0,416.0,1.118279569892473,0.8776519548154122,447.0,265.0,264,0.264,-500.0,399.39522170727093,1.118279569892473,-1000.0,0.8776519548154122,125284.0
123524.5,396.58073344987224,370.0,412.0,1.1135135135135135,0.8787147068565831,447.0,265.0,265,0.265,-500.0,396.58073344987224,1.1135135135135135,-1000.0,0.8787147068565831,123524.5
121742.0,393.7089390084358,368.0,409.0,1.111413043478261,0.8768770410014459,447.0,264.0,266,0.266,-1000.0,393.7089390084358,1.111413043478261,-1000.0,0.8768770410014459,121742.0
119928.0,390.7647273245099,366.0,404.0,1.1038251366120218,0.8776905879687669,447.0,263.0,267,0.267,-999.9999999999854,390.7647273245099,1.1038251366120218,-999.9999999999854,0.8776905879687669,119928.0
118137.0,387.8359190384227,364.0,400.0,1.098901098901099,0.8774686400798792,447.0,262.0,268,0.268,-999.9999999999854,387.8359190384227,1.098901098901099,-999.9999999999854,0.8774686400798792,118137.0
116311.0,384.82692822578247,362.0,396.0,1.0939226519337018,0.8768779466460868,447.0,261.0,269,0.269,-1000.0,384.82692822578247,1.0939226519337018,-1000.0,0.8768779466460868,116311.0
114480.0,381.78588643542264,360.0,393.0,1.0916666666666666,0.8754682240051549,447.0,260.0,270,0.27,-1000.0,381.78588643542264,1.0916666666666666,-1000.0,0.876909333933764,114480.0
112639.5,378.70445693072634,357.0,390.0,1.0924369747899159,0.8769407212214413,447.0,259.0,271,0.271,-1000.0,378.70445693072634,1.0924369747899159,-1000.0,0.8769407212214413,112639.5
110794.5,375.5901206623518,354.0,386.0,1.0903954802259888,0.876992714687314,447.0,258.0,272,0.272,-1000.0,375.5901206623518,1.0903954802259888,-1000.0,0.876992714687314,110794.5
108931.0,372.4181209978188,352.0,382.0,1.0852272727272727,0.8764336266764082,447.0,257.0,273,0.273,-1500.0,372.4181209978188,1.0852272727272727,-1000.0,0.8764336266764082,108931.0
107024.5,369.144721830759,350.0,379.0,1.082857142857143,0.8714030428116352,447.0,255.0,274,0.274,-1500.0,369.144721830759,1.082857142857143,-1000.0,0.8714030428116352,107024.5
105138.0,365.8768361817479,348.0,374.0,1.0747126436781609,0.873167595991843,447.0,254.0,275,0.275,-1000.0,365.8768361817479,1.0747126436781609,-1000.0,0.873167595991843,105138.0
103240.5,362.5601842704609,344.0,370.0,1.0755813953488371,0.8742414057422077,447.0,253.0,276,0.276,-1000.0,362.5601842704609,1.0755813953488371,-1000.0,0.8742414057422077,103240.5
101350.5,359.22620238323526,342.0,366.0,1.0701754385964912,0.8737004155543209,447.0,252.0,277,0.277,-1000.0,359.22620238323526,1.0701754385964912,-1000.0,0.8737004155543209,101350.5
99418.5,355.7858424365039,340.0,362.0,1.0647058823529412,0.8743392704924239,447.0,251.0,278,0.278,-1500.0,355.7858424365039,1.0647058823529412,-1250.0,0.8743392704924239,99418.5
97503.0,352.34170251378504,338.0,358.0,1.0591715976331362,0.8711612033246116,447.0,249.0,279,0.279,-1500.0,352.34170251378504,1.0591715976331362,-1500.0,0.8711612033246116,97503.0
95575.5,348.84166337729147,336.0,354.0,1.0535714285714286,0.8706175337968731,447.0,248.0,280,0.28,-1000.0,348.84166337729147,1.0535714285714286,-1000.0,0.8706175337968731,95575.5
93567.0,345.1567824659324,332.0,350.0,1.0542168674698795,0.8686196317204568,447.0,247.0,281,0.281,-1000.0,345.1567824659324,1.0542168674698795,-1000.0,0.8686196317204568,93567.0
91567.0,341.44798343637154,330.0,345.0,1.0454545454545454,0.8691130314941322,447.0,246.0,282,0.28200000000000003,-1500.0,341.44798343637154,1.0454545454545454,-1500.0,0.8691130314941322,91567.0
89554.0,337.67394656563715,328.0,340.0,1.0365853658536586,0.8674943813412339,447.0,244.0,283,0.28300000000000003,-1500.0,337.67394656563715,1.0365853658536586,-1500.0,0.8674943813412339,89554.0
87539.0,333.85343566686777,326.0,336.0,1.030674846625767,0.8666576888201628,447.0,243.0,284,0.28400000000000003,-1000.0,333.85343566686777,1.030674846625767,-1000.0,0.8666576888201628,87539.0
85531.0,330.00219923622205,322.0,332.0,1.031055900621118,0.8658625580116405,447.0,242.0,285,0.28500000000000003,-999.9999999999854,330.00219923622205,1.031055900621118,-999.9999999999854,0.8658625580116405,85531.0
83492.5,326.0459364703087,320.0,328.0,1.025,0.8615193071781294,447.0,241.0,286,0.28600000000000003,-1499.9999999999854,326.0459364703087,1.025,-1499.9999999999854,0.8615193071781294,83492.5
81431.0,321.9956045776542,316.0,323.0,1.0221518987341771,0.8623634981766071,447.0,239.0,287,0.28700000000000003,-1500.0,321.9956045776542,1.0221518987341771,-1500.0,0.8623634981766071,81431.0
79337.0,317.82857920686365,313.0,318.0,1.0159744408945688,0.8597837778339557,447.0,238.0,288,0.28800000000000003,-1000.0000000000146,317.82857920686365,1.0159744408945688,-1000.0000000000146,0.8597837778339557,79337.0
77280.0,313.68129051177624,310.0,313.0,1.0096774193548388,0.859145763276929,447.0,237.0,289,0.289,-1500.000000000029,313.68129051177624,1.0096774193548388,-1500.000000000029,0.859145763276929,77280.0
75225.5,309.4835720558928,306.0,308.0,1.0065359477124183,0.8591705039932491,447.0,235.0,290,0.29,-1500.0,309.4835720558928,1.0065359477124183,-1500.0,0.8591705039932491,75225.5
73171.5,305.22917184893873,302.0,303.0,1.0033112582781456,0.8592798708580931,447.0,234.0,291,0.291,-1000.0,305.22917184893873,1.0033112582781456,-1500.0,0.8592798708580931,73171.5
71175.0,301.03625129961546,300.0,299.0,0.9966666666666667,0.8565501733924118,447.0,233.0,292,0.292,-1500.0,301.03625129961546,0.9966666666666667,-1500.0,0.8565501733924118,71175.0
69103.0,296.6221034579756,296.0,294.0,0.9932432432432432,0.8542970585548035,447.0,231.0,293,0.293,-1500.0,296.6221034579756,0.9932432432432432,-1500.0,0.8542970585548035,69103.0
67051.0,292.1848468248095,294.0,288.0,0.9795918367346939,0.8518504079288735,447.0,230.0,294,0.294,-1500.0,292.1848468248095,0.9795918367346939,-1500.0,0.8518504079288735,67051.0
65033.0,287.7543871303474,290.0,283.0,0.9758620689655172,0.8514120422801269,447.0,228.0,295,0.295,-1500.0,287.7543871303474,0.9758620689655172,-1500.0,0.8514120422801269,65033.0
63002.0,283.2254186993193,287.0,278.0,0.9686411149825784,0.8483073991793793,447.0,227.0,296,0.296,-1500.0,283.2254186993193,0.9686411149825784,-1500.0,0.8483073991793793,63002.0
60997.5,278.6833850985435,284.0,274.0,0.9647887323943662,0.8416797376270568,447.0,225.0,297,0.297,-1500.0,278.6833850985435,0.9647887323943662,-1500.0,0.8416797376270568,60997.5
58959.0,273.9870988167882,280.0,268.0,0.9571428571428572,0.8419686375902852,447.0,224.0,298,0.298,-1500.0,273.9870988167882,0.9571428571428572,-1500.0,0.8419686375902852,58959.0
56908.0,269.1793380105328,276.0,263.0,0.9528985507246377,0.8405020236903293,447.0,222.0,299,0.299,-1500.0,269.1793380105328,0.9528985507246377,-1500.0,0.8405020236903293,56908.0
54885.5,264.3527738317905,274.0,257.0,0.9379562043795621,0.8347326149607236,447.0,221.0,300,0.3,-1500.0,264.3527738317905,0.9379562043795621,-1500.0,0.8347326149607236,54885.5
52860.5,259.4302969093492,270.0,252.0,0.9333333333333333,0.830820490121567,447.0,219.0,301,0.301,-1500.0,259.4302969093492,0.9333333333333333,-1500.0,0.830820490121567,52860.5
50850.0,254.44887669192613,265.0,247.0,0.9320754716981132,0.8290677614820608,447.0,218.0,302,0.302,-1500.0,254.44887669192613,0.9320754716981132,-1500.0,0.8290677614820608,50850.0
48853.0,249.4024287751563,260.0,242.0,0.9307692307692308,0.825696668908043,447.0,216.0,303,0.303,-2000.0,249.4024287751563,0.9307692307692308,-1499.9999999999927,0.825696668908043,48853.0
46854.0,244.24652633972366,256.0,236.0,0.921875,0.8230817395881806,447.0,214.0,304,0.304,-1499.9999999999854,244.24652633972366,0.921875,-1499.9999999999854,0.8230817395881806,46854.0
44893.5,239.08195143416415,252.0,230.0,0.9126984126984127,0.8198279242893134,447.0,213.0,305,0.305,-1499.9999999999854,239.08195143416415,0.9126984126984127,-1499.9999999999854,0.8198279242893134,44893.5
42941.0,233.825104063855,248.0,225.0,0.907258064516129,0.8158069772819025,447.0,211.0,306,0.306,-1500.0,233.825104063855,0.907258064516129,-1500.0,0.8158069772819025,42941.0
40998.5,228.4751878756741,244.0,219.0,0.8975409836065574,0.8109718244261328,447.0,210.0,307,0.307,-1500.0,228.4751878756741,0.8975409836065574,-1500.0,0.8109718244261328,40998.5
39059.5,223.00695055890765,240.0,213.0,0.8875,0.8080205777226337,447.0,208.0,308,0.308,-2000.0,223.00695055890765,0.8875,-1500.0,0.8080205777226337,39059.5
37126.5,217.41878473952065,236.0,207.0,0.8771186440677966,0.7998453826307795,447.0,206.0,309,0.309,-1500.0,217.41878473952065,0.8771186440677966,-1500.0,0.7998453826307795,37126.5
35200.0,211.7026971360491,230.0,201.0,0.8739130434782608,0.796946602255867,447.0,205.0,310,0.31,-1500.0,211.7026971360491,0.8739130434782608,-1500.0,0.796946602255867,35200.0
33296.5,205.89905415342332,226.0,195.0,0.8628318584070797,0.7903674004036445,447.0,203.0,311,0.311,-1500.0,205.89905415342332,0.8628318584070797,-1500.0,0.7903674004036445,33296.5
31382.5,199.89357171417805,220.0,188.0,0.8545454545454545,0.7879567220426209,447.0,202.0,312,0.312,-1500.0,199.89357171417805,0.8545454545454545,-1500.0,0.7879567220426209,31382.5
29482.0,193.74635030854662,215.0,182.0,0.8465116279069768,0.7818222613278522,447.0,200.0,313,0.313,-1500.0,193.74635030854662,0.8465116279069768,-1500.0,0.7818222613278522,29482.0
27612.0,187.50117415426314,210.0,174.0,0.8285714285714286,0.7797715369701829,447.0,199.0,314,0.314,-1500.0,187.50117415426314,0.8285714285714286,-1500.0,0.7797715369701829,27612.0
25763.0,181.1145228605702,204.0,167.0,0.8186274509803921,0.7763750258025978,447.0,197.0,315,0.315,-1500.0,181.1145228605702,0.8186274509803921,-1500.0,0.7763750258025978,25763.0
23953.0,174.63649909180313,199.0,160.0,0.8040201005025126,0.7699026713205274,447.0,196.0,316,0.316,-1500.0,174.63649909180313,0.8040201005025126,-1500.0,0.7699026713205274,23953.0
22148.0,167.92769109588323,193.0,152.0,0.7875647668393783,0.7702149449432318,447.0,194.0,317,0.317,-1500.0,167.92769109588323,0.7875647668393783,-1500.0,0.7702149449432318,22148.0
20354.0,160.98297330320216,188.0,145.0,0.7712765957446809,0.7564928415010741,447.0,193.0,318,0.318,-1500.0,160.98297330320216,0.7712765957446809,-1500.0,0.7564928415010741,20354.0
18580.0,153.80764201163518,182.0,138.0,0.7582417582417582,0.7494518406916583,447.0,191.0,319,0.319,-1500.0,153.80764201163518,0.7582417582417582,-1500.0,0.7494518406916583,18580.0
16797.0,146.24159679419714,174.0,130.0,0.7471264367816092,0.7447919084987258,447.0,190.0,320,0.32,-1500.0,146.24159679419714,0.7471264367816092,-1500.0,0.7447919084987258,16797.0
15024.0,138.30817372845715,168.0,121.0,0.7202380952380952,0.7309707223690619,447.0,188.0,321,0.321,-1500.0,138.30817372845715,0.7202380952380952,-1500.0,0.7309707223690619,15024.0
13278.5,130.0258101100157,160.0,113.0,0.70625,0.7162723154103878,447.0,187.0,322,0.322,-1000.0,130.0258101100157,0.70625,-1000.0,0.7162723154103878,13278.5
11540.5,121.21807194480593,153.0,105.0,0.6862745098039216,0.7004993084247172,447.0,186.0,323,0.323,-1000.0,121.21807194480593,0.6862745098039216,-1000.0,0.7004993084247172,11540.5
9704.0,111.1553711797591,145.0,95.0,0.6551724137931034,0.6865581350539173,447.0,185.0,324,0.324,-500.0,111.1553711797591,0.6551724137931034,-500.0,0.6865581350539173,9704.0
7814.5,99.74833543640179,136.0,83.0,0.6102941176470589,0.6663445381490708,446.0,185.0,325,0.325,0.0,99.74833543640179,0.6102941176470589,0.0,0.6663445381490708,7814.5
5787.5,85.842145040503,121.0,71.0,0.5867768595041323,0.6232354191614672,446.0,185.0,326,0.326,0.0,85.842145040503,0.5867768595041323,0.0,0.6232354191614672,5787.5
3521.5,66.96053357601681,101.0,55.0,0.5445544554455446,0.5027148280706123,445.0,185.0,327,0.327,0.0,66.96053357601681,0.5445544554455446,0.0,0.5027148280706123,3521.5
531.0,26.001734523957655,62.0,18.0,0.2903225806451613,0.3147702594156505,441.0,185.0,328,0.328,-90499.9999999999,26.001734523957655,0.2903225806451613,0.0,0.3147702594156505,531.0
132.0,12.964089628857149,28.0,8.0,0.2857142857142857,0.4462142091460765,449.0,4.0,329,0.329,-90499.9999999999,12.964089628857149,0.2857142857142857,0.0,0.4462142091460765,132.0
132.0,12.964089628857149,28.0,8.0,0.2857142857142857,0.4462142091460765,449.0,4.0,330,0.33,0.0,12.964089628857149,0.2857142857142857,0.0,0.4462142091460765,132.0
132.0,12.964089628857149,28.0,8.0,0.2857142857142857,0.4462142091460765,449.0,4.0,331,0.331,0.0,12.964089628857149,0.2857142857142857,0.0,0.4462142091460765,132.0
132.0,12.964089628857149,28.0,8.0,0.2857142857142857,0.4462142091460765,449.0,4.0,332,0.332,0.0,12.964089628857149,0.2857142857142857,0.0,0.4462142091460765,132.0
132.0,12.964089628857149,28.0,8.0,0.2857142857142857,0.4462142091460765,449.0,4.0,333,0.333,0.0,12.964089628857149,0.2857142857142857,0.0,0.4462142091460765,132.0
132.0,12.964089628857149,28.0,8.0,0.2857142857142857,0.4462142091460765,449.0,4.0,334,0.334,0.0,12.964089628857149,0.2857142857142857,0.0,0.4462142091460765,132.0
132.0,12.964089628857149,28.0,8.0,0.2857142857142857,0.4462142091460765,449.0,4.0,335,0.335,0.0,12.964089628857149,0.2857142857142857,0.0,0.4462142091460765,132.0
132.0,12.964089628857149,28.0,8.0,0.2857142857142857,0.4462142091460765,449.0,4.0,336,0.336,0.0,12.964089628857149,0.2857142857142857,0.0,0.4462142091460765,132.0
132.0,12.964089628857149,28.0,8.0,0.2857142857142857,0.4462142091460765,449.0,4.0,337,0.337,0.0,12.964089628857149,0.2857142857142857,0.0,0.4462142091460765,132.0
132.0,12.964089628857149,28.0,8.0,0.2857142857142857,0.4462142091460765,449.0,4.0,338,0.338,0.0,12.964089628857149,0.2857142857142857,0.0,0.4462142091460765,132.0
132.0,12.964089628857149,28.0,8.0,0.2857142857142857,0.4462142091460765,449.0,4.0,339,0.339,0.0,12.964089628857149,0.2857142857142857,0.0,0.4462142091460765,132.0
132.0,12.964089628857149,28.0,8.0,0.2857142857142857,0.4462142091460765,449.0,4.0,340,0.34,0.0,12.964089628857149,0.2857142857142857,0.0,0.4462142091460765,132.0
132.0,12.964089628857149,28.0,8.0,0.2857142857142857,0.4462142091460765,449.0,4.0,341,0.341,0.0,12.964089628857149,0.2857142857142857,0.0,0.4462142091460765,132.0
132.0,12.964089628857149,28.0,8.0,0.2857142857142857,0.4462142091460765,449.0,4.0,342,0.342,0.0,12.964089628857149,0.2857142857142857,0.0,0.4462142091460765,132.0
132.0,12.964089628857149,28.0,8.0,0.2857142857142857,0.4462142091460765,449.0,4.0,343,0.343,0.0,12.964089628857149,0.2857142857142857,0.0,0.4462142091460765,132.0
132.0,12.964089628857149,28.0,8.0,0.2857142857142857,0.4462142091460765,449.0,4.0,344,0.34400000000000003,0.0,12.964089628857149,0.2857142857142857,0.0,0.4462142091460765,132.0
132.0,12.964089628857149,28.0,8.0,0.2857142857142857,0.4462142091460765,449.0,4.0,345,0.34500000000000003,0.0,12.964089628857149,0.2857142857142857,0.0,0.4462142091460765,132.0
132.0,12.964089628857149,28.0,8.0,0.2857142857142857,0.4462142091460765,449.0,4.0,346,0.34600000000000003,0.0,12.964089628857149,0.2857142857142857,0.0,0.4462142091460765,132.0
132.0,12.964089628857149,28.0,8.0,0.2857142857142857,0.4462142091460765,449.0,4.0,347,0.34700000000000003,0.0,12.964089628857149,0.2857142857142857,0.0,0.4462142091460765,132.0
132.0,12.964089628857149,28.0,8.0,0.2857142857142857,0.4462142091460765,449.0,4.0,348,0.34800000000000003,0.0,12.964089628857149,0.2857142857142857,0.0,0.4462142091460765,132.0
132.0,12.964089628857149,28.0,8.0,0.2857142857142857,0.4462142091460765,449.0,4.0,349,0.34900000000000003,0.0,12.964089628857149,0.2857142857142857,0.0,0.4462142091460765,132.0
132.0,12.964089628857149,28.0,8.0,0.2857142857142857,0.4462142091460765,449.0,4.0,350,0.35000000000000003,0.0,12.964089628857149,0.2857142857142857,0.0,0.4462142091460765,132.0
132.0,12.964089628857149,28.0,8.0,0.2857142857142857,0.4462142091460765,449.0,4.0,351,0.35100000000000003,2.2737367544323206e-13,12.964089628857149,0.2857142857142857,2.2737367544323206e-13,0.4462142091460765,132.0
132.0,12.964089628857149,28.0,8.0,0.2857142857142857,0.4462142091460765,449.0,4.0,352,0.352,-2.2737367544323206e-13,12.964089628857149,0.2857142857142857,-2.2737367544323206e-13,0.4462142091460765,132.0
132.0,12.964089628857149,28.0,8.0,0.2857142857142857,0.4462142091460765,449.0,4.0,353,0.353,0.0,12.964089628857149,0.2857142857142857,0.0,0.4462142091460765,132.0
132.0,12.964089628857149,28.0,8.0,0.2857142857142857,0.4462142091460765,449.0,4.0,354,0.354,0.0,12.964089628857149,0.2857142857142857,0.0,0.4462142091460765,132.0
132.0,12.964089628857149,28.0,8.0,0.2857142857142857,0.4462142091460765,449.0,4.0,355,0.355,0.0,12.964089628857149,0.2857142857142857,0.0,0.4462142091460765,132.0
132.0,12.964089628857149,28.0,8.0,0.2857142857142857,0.4462142091460765,449.0,4.0,356,0.356,0.0,12.964089628857149,0.2857142857142857,0.0,0.4462142091460765,132.0
132.0,12.964089628857149,28.0,8.0,0.2857142857142857,0.4462142091460765,449.0,4.0,357,0.357,0.0,12.964089628857149,0.2857142857142857,0.0,0.4462142091460765,132.0
132.0,12.964089628857149,28.0,8.0,0.2857142857142857,0.4462142091460765,449.0,4.0,358,0.358,0.0,12.964089628857149,0.2857142857142857,0.0,0.4462142091460765,132.0
132.0,12.964089628857149,28.0,8.0,0.2857142857142857,0.4462142091460765,449.0,4.0,359,0.359,0.0,12.964089628857149,0.2857142857142857,0.0,0.4462142091460765,132.0
132.0,12.964089628857149,28.0,8.0,0.2857142857142857,0.4462142091460765,449.0,4.0,360,0.36,0.0,12.964089628857149,0.2857142857142857,0.0,0.4462142091460765,132.0
132.0,12.964089628857149,28.0,8.0,0.2857142857142857,0.4462142091460765,449.0,4.0,361,0.361,0.0,12.964089628857149,0.2857142857142857,0.0,0.4462142091460765,132.0
132.0,12.964089628857149,28.0,8.0,0.2857142857142857,0.4462142091460765,449.0,4.0,362,0.362,0.0,12.964089628857149,0.2857142857142857,0.0,0.4462142091460765,132.0
132.0,12.964089628857149,28.0,8.0,0.2857142857142857,0.4462142091460765,449.0,4.0,363,0.363,0.0,12.964089628857149,0.2857142857142857,0.0,0.4462142091460765,132.0
132.0,12.964089628857149,28.0,8.0,0.2857142857142857,0.4462142091460765,449.0,4.0,364,0.364,0.0,12.964089628857149,0.2857142857142857,0.0,0.4462142091460765,132.0
132.0,12.964089628857149,28.0,8.0,0.2857142857142857,0.4462142091460765,449.0,4.0,365,0.365,0.0,12.964089628857149,0.2857142857142857,0.0,0.4462142091460765,132.0
132.0,12.964089628857149,28.0,8.0,0.2857142857142857,0.4462142091460765,449.0,4.0,366,0.366,0.0,12.964089628857149,0.2857142857142857,0.0,0.4462142091460765,132.0
132.0,12.964089628857149,28.0,8.0,0.2857142857142857,0.4462142091460765,449.0,4.0,367,0.367,0.0,12.964089628857149,0.2857142857142857,0.0,0.4462142091460765,132.0
132.0,12.964089628857149,28.0,8.0,0.2857142857142857,0.4462142091460765,449.0,4.0,368,0.368,0.0,12.964089628857149,0.2857142857142857,0.0,0.4462142091460765,132.0
132.0,12.964089628857149,28.0,8.0,0.2857142857142857,0.4462142091460765,449.0,4.0,369,0.369,0.0,12.964089628857149,0.2857142857142857,0.0,0.4462142091460765,132.0
132.0,12.964089628857149,28.0,8.0,0.2857142857142857,0.4462142091460765,449.0,4.0,370,0.37,0.0,12.964089628857149,0.2857142857142857,0.0,0.4462142091460765,132.0
132.0,12.964089628857149,28.0,8.0,0.2857142857142857,0.4462142091460765,449.0,4.0,371,0.371,0.0,12.964089628857149,0.2857142857142857,0.0,0.4462142091460765,132.0
132.0,12.964089628857149,28.0,8.0,0.2857142857142857,0.4462142091460765,449.0,4.0,372,0.372,0.0,12.964089628857149,0.2857142857142857,0.0,0.4462142091460765,132.0
132.0,12.964089628857149,28.0,8.0,0.2857142857142857,0.4462142091460765,449.0,4.0,373,0.373,0.0,12.964089628857149,0.2857142857142857,0.0,0.4462142091460765,132.0
132.0,12.964089628857149,28.0,8.0,0.2857142857142857,0.4462142091460765,449.0,4.0,374,0.374,0.0,12.964089628857149,0.2857142857142857,0.0,0.4462142091460765,132.0
132.0,12.964089628857149,28.0,8.0,0.2857142857142857,0.4462142091460765,449.0,4.0,375,0.375,0.0,12.964089628857149,0.2857142857142857,0.0,0.4462142091460765,132.0
132.0,12.964089628857149,28.0,8.0,0.2857142857142857,0.4462142091460765,449.0,4.0,376,0.376,0.0,12.964089628857149,0.2857142857142857,0.0,0.4462142091460765,132.0
132.0,12.964089628857149,28.0,8.0,0.2857142857142857,0.4462142091460765,449.0,4.0,377,0.377,0.0,12.964089628857149,0.2857142857142857,0.0,0.4462142091460765,132.0
132.0,12.964089628857149,28.0,8.0,0.2857142857142857,0.4462142091460765,449.0,4.0,378,0.378,0.0,12.964089628857149,0.2857142857142857,0.0,0.4462142091460765,132.0
132.0,12.964089628857149,28.0,8.0,0.2857142857142857,0.4462142091460765,449.0,4.0,379,0.379,0.0,12.964089628857149,0.2857142857142857,0.0,0.4462142091460765,132.0
132.0,12.964089628857149,28.0,8.0,0.2857142857142857,0.4462142091460765,449.0,4.0,380,0.38,0.0,12.964089628857149,0.2857142857142857,0.0,0.4462142091460765,132.0
132.0,12.964089628857149,28.0,8.0,0.2857142857142857,0.4462142091460765,449.0,4.0,381,0.381,0.0,12.964089628857149,0.2857142857142857,0.0,0.4462142091460765,132.0
132.0,12.964089628857149,28.0,8.0,0.2857142857142857,0.4462142091460765,449.0,4.0,382,0.382,0.0,12.964089628857149,0.2857142857142857,0.0,0.4462142091460765,132.0
132.0,12.964089628857149,28.0,8.0,0.2857142857142857,0.4462142091460765,449.0,4.0,383,0.383,0.0,12.964089628857149,0.2857142857142857,0.0,0.4462142091460765,132.0
132.0,12.964089628857149,28.0,8.0,0.2857142857142857,0.4462142091460765,449.0,4.0,384,0.384,0.0,12.964089628857149,0.2857142857142857,0.0,0.4462142091460765,132.0
132.0,12.964089628857149,28.0,8.0,0.2857142857142857,0.4462142091460765,449.0,4.0,385,0.385,0.0,12.964089628857149,0.2857142857142857,0.0,0.4462142091460765,132.0
132.0,12.964089628857149,28.0,8.0,0.2857142857142857,0.4462142091460765,449.0,4.0,386,0.386,0.0,12.964089628857149,0.2857142857142857,0.0,0.4462142091460765,132.0
132.0,12.964089628857149,28.0,8.0,0.2857142857142857,0.4462142091460765,449.0,4.0,387,0.387,0.0,12.964089628857149,0.2857142857142857,0.0,0.4462142091460765,132.0
132.0,12.964089628857149,28.0,8.0,0.2857142857142857,0.4462142091460765,449.0,4.0,388,0.388,0.0,12.964089628857149,0.2857142857142857,0.0,0.4462142091460765,132.0
132.0,12.964089628857149,28.0,8.0,0.2857142857142857,0.4462142091460765,449.0,4.0,389,0.389,0.0,12.964089628857149,0.2857142857142857,0.0,0.4462142091460765,132.0
132.0,12.964089628857149,28.0,8.0,0.2857142857142857,0.4462142091460765,449.0,4.0,390,0.39,0.0,12.964089628857149,0.2857142857142857,0.0,0.4462142091460765,132.0
132.0,12.964089628857149,28.0,8.0,0.2857142857142857,0.4462142091460765,449.0,4.0,391,0.391,0.0,12.964089628857149,0.2857142857142857,0.0,0.4462142091460765,132.0
132.0,12.964089628857149,28.0,8.0,0.2857142857142857,0.4462142091460765,449.0,4.0,392,0.392,0.0,12.964089628857149,0.2857142857142857,0.0,0.4462142091460765,132.0
132.0,12.964089628857149,28.0,8.0,0.2857142857142857,0.4462142091460765,449.0,4.0,393,0.393,0.0,12.964089628857149,0.2857142857142857,0.0,0.4462142091460765,132.0
132.0,12.964089628857149,28.0,8.0,0.2857142857142857,0.4462142091460765,449.0,4.0,394,0.394,0.0,12.964089628857149,0.2857142857142857,0.0,0.4462142091460765,132.0
132.0,12.964089628857149,28.0,8.0,0.2857142857142857,0.4462142091460765,449.0,4.0,395,0.395,0.0,12.964089628857149,0.2857142857142857,0.0,0.4462142091460765,132.0
132.0,12.964089628857149,28.0,8.0,0.2857142857142857,0.4462142091460765,449.0,4.0,396,0.396,0.0,12.964089628857149,0.2857142857142857,0.0,0.4462142091460765,132.0
132.0,12.964089628857149,28.0,8.0,0.2857142857142857,0.4462142091460765,449.0,4.0,397,0.397,0.0,12.964089628857149,0.2857142857142857,0.0,0.4462142091460765,132.0
132.0,12.964089628857149,28.0,8.0,0.2857142857142857,0.4462142091460765,449.0,4.0,398,0.398,0.0,12.964089628857149,0.2857142857142857,0.0,0.4462142091460765,132.0
132.0,12.964089628857149,28.0,8.0,0.2857142857142857,0.4462142091460765,449.0,4.0,399,0.399,0.0,12.964089628857149,0.2857142857142857,0.0,0.4462142091460765,132.0
132.0,12.964089628857149,28.0,8.0,0.2857142857142857,0.4462142091460765,449.0,4.0,400,0.4,0.0,12.964089628857149,0.2857142857142857,0.0,0.4462142091460765,132.0
132.0,12.964089628857149,28.0,8.0,0.2857142857142857,0.4462142091460765,449.0,4.0,401,0.401,0.0,12.964089628857149,0.2857142857142857,0.0,0.4462142091460765,132.0
132.0,12.964089628857149,28.0,8.0,0.2857142857142857,0.4462142091460765,449.0,4.0,402,0.402,0.0,12.964089628857149,0.2857142857142857,0.0,0.4462142091460765,132.0
132.0,12.964089628857149,28.0,8.0,0.2857142857142857,0.4462142091460765,449.0,4.0,403,0.403,0.0,12.964089628857149,0.2857142857142857,0.0,0.4462142091460765,132.0
132.0,12.964089628857149,28.0,8.0,0.2857142857142857,0.4462142091460765,449.0,4.0,404,0.404,0.0,12.964089628857149,0.2857142857142857,0.0,0.4462142091460765,132.0
132.0,12.964089628857149,28.0,8.0,0.2857142857142857,0.4462142091460765,449.0,4.0,405,0.405,0.0,12.964089628857149,0.2857142857142857,0.0,0.4462142091460765,132.0
132.0,12.964089628857149,28.0,8.0,0.2857142857142857,0.4462142091460765,449.0,4.0,406,0.406,0.0,12.964089628857149,0.2857142857142857,0.0,0.4462142091460765,132.0
132.0,12.964089628857149,28.0,8.0,0.2857142857142857,0.4462142091460765,449.0,4.0,407,0.40700000000000003,0.0,12.964089628857149,0.2857142857142857,0.0,0.4462142091460765,132.0
132.0,12.964089628857149,28.0,8.0,0.2857142857142857,0.4462142091460765,449.0,4.0,408,0.40800000000000003,0.0,12.964089628857149,0.2857142857142857,0.0,0.4462142091460765,132.0
132.0,12.964089628857149,28.0,8.0,0.2857142857142857,0.4462142091460765,449.0,4.0,409,0.40900000000000003,0.0,12.964089628857149,0.2857142857142857,0.0,0.4462142091460765,132.0
132.0,12.964089628857149,28.0,8.0,0.2857142857142857,0.4462142091460765,449.0,4.0,410,0.41000000000000003,0.0,12.964089628857149,0.2857142857142857,0.0,0.4462142091460765,132.0
